Date,AAPL,GOOGL,MSFT
2020-01-02,72.716064453125,68.1083755493164,153.32327270507812
2020-01-03,72.00912475585938,67.75206756591797,151.4141387939453
2020-01-06,72.5829086303711,69.55794525146484,151.8054962158203
2020-01-07,72.24153900146484,69.42359161376953,150.42137145996094
2020-01-08,73.40364074707031,69.917724609375,152.8173370361328
2020-01-09,74.96279907226562,70.65172576904297,154.72647094726562
2020-01-10,75.13227081298828,71.1080322265625,154.0105743408203
2020-01-13,76.73743438720703,71.65890502929688,155.86245727539062
2020-01-14,75.70121002197266,71.18915557861328,154.76467895507812
2020-01-15,75.3768081665039,71.61759948730469,155.7669677734375
2020-01-16,76.32099151611328,72.16299438476562,158.62115478515625
2020-01-17,77.16594696044922,73.6240005493164,159.50888061523438
2020-01-21,76.64301300048828,73.7598648071289,158.9361572265625
2020-01-22,76.91658782958984,73.84046936035156,158.1724853515625
2020-01-23,77.2870101928711,73.88127899169922,159.14617919921875
2020-01-24,77.06426239013672,72.95967864990234,157.54248046875
2020-01-27,74.79815673828125,71.24588012695312,154.90785217285156
2020-01-28,76.9141616821289,72.17991638183594,157.94342041015625
2020-01-29,78.52415466308594,72.48843383789062,160.40618896484375
2020-01-30,78.4103775024414,72.36651611328125,164.9308319091797
2020-01-31,74.93375396728516,71.29812622070312,162.4966583251953
2020-02-03,74.72795104980469,73.77727508544922,166.45819091796875
2020-02-04,77.19499969482422,71.92662048339844,171.9374237060547
2020-02-05,77.824462890625,71.95846557617188,171.72740173339844
2020-02-06,78.73479461669922,73.44735717773438,175.2879638671875
2020-02-07,77.6645736694336,73.60359954833984,175.53616333007812
2020-02-10,78.03343963623047,75.0740737915039,180.1276092529297
2020-02-11,77.56262969970703,75.14374542236328,176.06114196777344
2020-02-12,79.40457916259766,75.57020568847656,176.31890869140625
2020-02-13,78.8391342163086,75.3094482421875,175.36431884765625
2020-02-14,78.85855865478516,75.5751724243164,176.92977905273438
2020-02-18,77.41460418701172,75.61051177978516,178.7244110107422
2020-02-19,78.5357894897461,75.8807144165039,179.2604217529297
2020-02-20,77.7300796508789,75.48858642578125,176.52291870117188
2020-02-21,75.9706802368164,73.820068359375,170.9425506591797
2020-02-24,72.36202239990234,70.65519714355469,163.572265625
2020-02-25,69.91096496582031,68.98617553710938,160.87303161621094
2020-02-26,71.02000427246094,69.19268798828125,162.88304138183594
2020-02-27,66.37757110595703,65.43465423583984,151.4065399169922
2020-02-28,66.33873748779297,66.64387512207031,155.072509765625
2020-03-02,72.5149154663086,68.98617553710938,165.39088439941406
2020-03-03,70.21189880371094,66.5677490234375,157.4654998779297
2020-03-04,73.46864318847656,68.75130462646484,163.24684143066406
2020-03-05,71.08554077148438,65.42520904541016,159.1501007080078
2020-03-06,70.14154052734375,64.47872924804688,154.65135192871094
2020-03-09,64.59387969970703,60.50025177001953,144.17025756835938
2020-03-10,69.24604034423828,63.45512390136719,154.02914428710938
2020-03-11,66.84107971191406,60.25691223144531,147.05137634277344
2020-03-12,60.24021530151367,55.31304931640625,133.1052703857422
2020-03-13,67.45748901367188,60.42461395263672,152.0286865234375
2020-03-16,58.77928924560547,53.39472198486328,129.62110900878906
2020-03-17,61.36381530761719,55.63700485229492,140.29368591308594
2020-03-18,59.86163330078125,54.299896240234375,134.3878936767578
2020-03-19,59.40296936035156,55.31902313232422,136.59898376464844
2020-03-20,55.631744384765625,53.1563606262207,131.46852111816406
2020-03-23,54.449893951416016,52.455711364746094,130.15716552734375
2020-03-24,59.912593841552734,56.23166275024414,141.98789978027344
2020-03-25,59.582557678222656,54.818912506103516,140.62867736816406
2020-03-26,62.71796417236328,57.869327545166016,149.42514038085938
2020-03-27,60.12129592895508,55.24885559082031,143.2896270751953
2020-03-30,61.837039947509766,57.04277801513672,153.36875915527344
2020-03-31,61.710845947265625,57.82106018066406,150.95664978027344
2020-04-01,58.46380615234375,54.842796325683594,145.59646606445312
2020-04-02,59.43937683105469,55.58574676513672,148.61155700683594
2020-04-03,58.585140228271484,54.37503433227539,147.24282836914062
2020-04-06,63.69594192504883,58.87800979614258,158.19293212890625
2020-04-07,62.95822525024414,58.84665298461914,156.48915100097656
2020-04-08,64.56961822509766,60.062843322753906,158.05892944335938
2020-04-09,65.03556060791016,60.04144287109375,158.06851196289062
2020-04-13,66.31205749511719,60.2325325012207,158.42262268066406
2020-04-14,69.6610107421875,62.96049118041992,166.26193237304688
2020-04-15,69.02519226074219,62.56587600708008,164.51988220214844
2020-04-16,69.57366180419922,62.57234191894531,169.4589385986328
2020-04-17,68.62962341308594,63.645713806152344,170.95208740234375
2020-04-20,67.2051010131836,62.7574577331543,167.56370544433594
2020-04-21,65.12776947021484,60.319618225097656,160.63375854492188
2020-04-22,67.00367736816406,62.62111282348633,166.0896453857422
2020-04-23,66.74398803710938,63.256072998046875,164.07958984375
2020-04-24,68.67088317871094,63.52628707885742,167.07557678222656
2020-04-27,68.71942901611328,63.24065017700195,166.59693908691406
2020-04-28,67.60552215576172,61.33625411987305,162.5384979248047
2020-04-29,69.82604217529297,66.78968048095703,169.8321990966797
2020-04-30,71.29910278320312,67.01460266113281,171.5360107421875
2020-05-01,70.1512451171875,65.55260467529297,167.0946807861328
2020-05-04,71.14379119873047,65.83026885986328,171.18182373046875
2020-05-05,72.21156311035156,67.13005828857422,173.01963806152344
2020-05-06,72.95659637451172,66.951416015625,174.72340393066406
2020-05-07,73.7113265991211,68.13822937011719,175.738037109375
2020-05-08,75.46578216552734,68.88764953613281,176.77175903320312
2020-05-11,76.65326690673828,69.84556579589844,178.74356079101562
2020-05-12,75.7772445678711,68.43183135986328,174.69467163085938
2020-05-13,74.86231994628906,67.09571838378906,172.05287170410156
2020-05-14,75.32221221923828,67.52019500732422,172.79946899414062
2020-05-15,74.87691497802734,68.32633209228516,175.31686401367188
2020-05-18,76.6410903930664,68.92945098876953,176.99191284179688
2020-05-19,76.19821166992188,68.39301300048828,175.76670837402344
2020-05-20,77.68016052246094,70.12274169921875,178.20474243164062
2020-05-21,77.10100555419922,70.00281524658203,176.06423950195312
2020-05-22,77.59740447998047,70.32577514648438,176.14108276367188
2020-05-26,77.07178497314453,70.73033905029297,174.2789764404297
2020-05-27,77.4075927734375,70.67609405517578,174.50930786132812
2020-05-28,77.44166564941406,70.5745849609375,174.11581420898438
2020-05-29,77.36622619628906,71.3349609375,175.8915252685547
2020-06-01,78.31765747070312,71.40213012695312,175.48837280273438
2020-06-02,78.68024444580078,71.77235412597656,177.48484802246094
2020-06-03,79.1133804321289,71.62008666992188,177.91677856445312
2020-06-04,78.43203735351562,70.37852478027344,175.57476806640625
2020-06-05,80.6658706665039,71.65840911865234,179.68287658691406
2020-06-08,81.142822265625,72.05750274658203,180.7963104248047
2020-06-09,83.70513153076172,72.25853729248047,182.17852783203125
2020-06-10,85.85868072509766,72.88653564453125,188.9357452392578
2020-06-11,81.73654174804688,69.76148223876953,178.79026794433594
2020-06-12,82.44222259521484,70.30985260009766,180.20123291015625
2020-06-15,83.46180725097656,70.6989974975586,181.35304260253906
2020-06-16,85.67372131347656,71.9793701171875,185.797119140625
2020-06-17,85.55448150634766,72.28142547607422,186.44024658203125
2020-06-18,85.58856201171875,71.36480712890625,188.43667602539062
2020-06-19,85.09945678710938,70.89307403564453,187.31365966796875
2020-06-22,87.32598114013672,72.1878662109375,192.51600646972656
2020-06-23,89.18992614746094,72.85069274902344,193.80224609375
2020-06-24,87.61554718017578,71.29415130615234,189.89564514160156
2020-06-25,88.77867889404297,71.71214294433594,192.29525756835938
2020-06-26,86.05089569091797,67.80284118652344,188.44622802734375
2020-06-29,88.03407287597656,69.5261001586914,190.47157287597656
2020-06-30,88.76895141601562,70.56513214111328,195.33792114257812
2020-07-01,88.60105895996094,71.7569351196289,196.4801483154297
2020-07-02,88.60105895996094,73.14678955078125,197.97755432128906
2020-07-06,90.97114562988281,74.62571716308594,202.23924255371094
2020-07-07,90.68888092041016,74.14153289794922,199.88763427734375
2020-07-08,92.80101776123047,74.82228088378906,204.28372192382812
2020-07-09,93.2000961303711,75.57170104980469,205.71389770507812
2020-07-10,93.36312866210938,76.5843505859375,205.08998107910156
2020-07-13,92.93243408203125,75.2517318725586,198.75502014160156
2020-07-14,94.47032928466797,75.68116760253906,199.98362731933594
2020-07-15,95.12002563476562,75.48311614990234,199.68605041503906
2020-07-16,93.94957733154297,75.38558959960938,195.73147583007812
2020-07-17,93.75977325439453,75.48162078857422,194.73326110839844
2020-07-20,95.73566436767578,77.8199462890625,203.10308837890625
2020-07-21,94.41436004638672,77.42582702636719,200.36753845214844
2020-07-22,94.67958068847656,77.87020111083984,203.24708557128906
2020-07-23,90.37010192871094,75.47665405273438,194.40689086914062
2020-07-24,90.14620971679688,75.05168914794922,193.21670532226562
2020-07-27,92.28272247314453,76.10763549804688,195.66432189941406
2020-07-28,90.76673889160156,74.82476806640625,193.90782165527344
2020-07-29,92.50659942626953,75.81303405761719,195.8658905029297
2020-07-30,93.62594604492188,76.55250549316406,195.71226501464844
2020-07-31,103.42752075195312,74.04349517822266,196.7777099609375
2020-08-03,106.03364562988281,73.78523254394531,207.8447265625
2020-08-04,106.74175262451172,73.31449127197266,204.7252197265625
2020-08-05,107.12864685058594,73.60260772705078,204.38931274414062
2020-08-06,110.86628723144531,74.88945007324219,207.66236877441406
2020-08-07,108.34566497802734,74.56202697753906,203.94772338867188
2020-08-10,109.92044067382812,74.4848861694336,199.88763427734375
2020-08-11,106.65142059326172,73.67476654052734,195.2131805419922
2020-08-12,110.1959228515625,75.00341033935547,200.7898712158203
2020-08-13,112.14611053466797,75.47167205810547,200.31956481933594
2020-08-14,112.0461654663086,74.87354278564453,200.51148986816406
2020-08-17,111.75361633300781,75.4512710571289,201.8361053466797
2020-08-18,112.68486022949219,77.41886901855469,202.9975128173828
2020-08-19,112.82624053955078,76.86302185058594,201.76596069335938
2020-08-20,115.32981872558594,78.43749237060547,206.46133422851562
2020-08-21,121.27303314208984,78.40365600585938,204.9603729248047
2020-08-24,122.7234878540039,78.88037109375,205.60501098632812
2020-08-25,121.71668243408203,79.91045379638672,208.27981567382812
2020-08-26,123.3719253540039,81.81534576416016,212.78274536132812
2020-08-27,121.8970947265625,81.0385513305664,218.00729370117188
2020-08-28,121.69962310791016,81.58145904541016,220.24911499023438
2020-08-31,125.82672119140625,81.08882141113281,216.9970245361328
2020-09-01,130.83877563476562,82.36023712158203,218.67117309570312
2020-09-02,128.1279754638672,85.46090698242188,222.8854522705078
2020-09-03,117.86993408203125,81.08782196044922,209.0784149169922
2020-09-04,117.94792938232422,78.68431091308594,206.143798828125
2020-09-08,110.01065826416016,75.81752014160156,194.99234008789062
2020-09-09,114.39859008789062,76.99340057373047,203.29580688476562
2020-09-10,110.66395568847656,75.9394302368164,197.59979248046875
2020-09-11,109.2110366821289,75.42738342285156,196.31045532226562
2020-09-14,112.48738098144531,75.08252716064453,197.63827514648438
2020-09-15,112.66292572021484,76.39077758789062,200.88076782226562
2020-09-16,109.33782958984375,75.24475860595703,197.2918701171875
2020-09-17,107.59239959716797,73.99821472167969,195.2328643798828
2020-09-18,104.1795654296875,72.20926666259766,192.80821228027344
2020-09-21,107.3388671875,71.16675567626953,194.87684631347656
2020-09-22,109.02578735351562,72.64369201660156,199.5721893310547
2020-09-23,104.45259857177734,70.13420104980469,193.00062561035156
2020-09-24,105.52519989013672,70.80448913574219,195.5022735595703
2020-09-25,109.48408508300781,71.61063385009766,199.9570770263672
2020-09-28,112.09735107421875,72.5859603881836,201.5157928466797
2020-09-29,111.24901580810547,72.95222473144531,199.41824340820312
2020-09-30,112.92617797851562,72.93131256103516,202.3721466064453
2020-10-01,113.88179016113281,74.041015625,204.42152404785156
2020-10-02,110.2056655883789,72.4336929321289,198.3887481689453
2020-10-05,113.59900665283203,73.78872680664062,202.4202423095703
2020-10-06,110.34217834472656,72.20579528808594,198.11935424804688
2020-10-07,112.21435546875,72.60985565185547,201.8910675048828
2020-10-08,112.10710906982422,73.8185806274414,202.61270141601562
2020-10-09,114.05731201171875,75.16314697265625,207.64474487304688
2020-10-12,121.30230712890625,77.85726165771484,213.0232696533203
2020-10-13,118.08444213867188,77.98068237304688,214.4280242919922
2020-10-14,118.1722183227539,77.80004119873047,212.50369262695312
2020-10-15,117.70417022705078,77.4034423828125,211.34912109375
2020-10-16,116.05625915527344,78.01203155517578,211.34912109375
2020-10-19,113.09195709228516,76.13350677490234,206.11495971679688
2020-10-20,114.58385467529297,77.18498229980469,206.52867126464844
2020-10-21,113.95978546142578,78.92217254638672,206.67298889160156
2020-10-22,112.86768341064453,79.95075988769531,206.75958251953125
2020-10-23,112.17537689208984,81.260498046875,208.04888916015625
2020-10-26,112.18511962890625,78.83758544921875,202.13156127929688
2020-10-27,113.69651794433594,79.56361389160156,205.181640625
2020-10-28,108.43097686767578,75.1805648803711,195.01153564453125
2020-10-29,112.44837951660156,77.47360229492188,196.97438049316406
2020-10-30,106.14924621582031,80.42100524902344,194.8095245361328
2020-11-02,106.06147766113281,80.82955932617188,194.67477416992188
2020-11-03,107.6899185180664,81.89147186279297,198.61965942382812
2020-11-04,112.08758544921875,86.87714385986328,208.2028350830078
2020-11-05,116.06600189208984,87.70568084716797,214.84176635742188
2020-11-06,115.93413543701172,87.5678482055664,215.2554931640625
2020-11-09,113.61917114257812,87.65193939208984,210.12718200683594
2020-11-10,113.27728271484375,86.47257995605469,203.02638244628906
2020-11-11,116.71556854248047,86.9458236694336,208.35678100585938
2020-11-12,116.44207000732422,86.72636413574219,207.28880310058594
2020-11-13,116.49090576171875,88.19136047363281,208.3182830810547
2020-11-16,117.50675964355469,88.2794418334961,209.0110321044922
2020-11-17,116.61787414550781,87.66388702392578,206.3458709716797
2020-11-18,115.28945922851562,86.61787414550781,203.62542724609375
2020-11-19,115.88531494140625,87.51011657714844,204.91810607910156
2020-11-20,114.61549377441406,86.40589141845703,202.95980834960938
2020-11-23,111.20653533935547,85.96699523925781,202.689697265625
2020-11-24,112.4958724975586,87.77535247802734,206.3072509765625
2020-11-25,113.3359146118164,87.78679656982422,206.31690979003906
2020-11-27,113.88287353515625,88.92585754394531,207.62889099121094
2020-11-30,116.28579711914062,87.3026123046875,206.50987243652344
2020-12-01,119.87059020996094,89.34086608886719,208.5742950439453
2020-12-02,120.22221374511719,90.81431579589844,207.76394653320312
2020-12-03,120.08545684814453,90.6585693359375,206.67385864257812
2020-12-04,119.41146087646484,90.75411224365234,206.78958129882812
2020-12-07,120.87664794921875,90.4192123413086,206.7220916748047
2020-12-08,121.49200439453125,90.13555908203125,208.38131713867188
2020-12-09,118.95238494873047,88.47002410888672,204.32003784179688
2020-12-10,120.37847900390625,87.96195983886719,203.08522033691406
2020-12-11,119.56777954101562,88.31775665283203,205.72845458984375
2020-12-14,118.95238494873047,87.19612121582031,206.63525390625
2020-12-15,124.91075897216797,87.63502502441406,206.5677032470703
2020-12-16,124.8423843383789,87.44144439697266,211.53585815429688
2020-12-17,125.71173095703125,86.61140441894531,211.67091369628906
2020-12-18,123.71908569335938,85.90030670166016,210.87020874023438
2020-12-21,125.25262451171875,86.3153305053711,214.72897338867188
2020-12-22,128.81788635253906,85.60173797607422,216.0312957763672
2020-12-23,127.91925811767578,86.00033569335938,213.21444702148438
2020-12-24,128.9058074951172,86.2954330444336,214.88330078125
2020-12-28,133.51620483398438,88.27594757080078,217.01527404785156
2020-12-29,131.7384490966797,87.46981048583984,216.23387145996094
2020-12-30,130.61517333984375,86.39942169189453,213.85110473632812
2020-12-31,129.60906982421875,87.21503448486328,214.56497192382812
2021-01-04,126.40521240234375,85.89584350585938,210.0020294189453
2021-01-05,127.96810913085938,86.58853149414062,210.20458984375
2021-01-06,123.66048431396484,85.73410034179688,204.754150390625
2021-01-07,127.88017272949219,88.29486846923828,210.5808563232422
2021-01-08,128.9839324951172,89.46378326416016,211.86383056640625
2021-01-11,125.98519897460938,87.39665985107422,209.80906677246094
2021-01-12,125.80939483642578,86.45813751220703,207.33946228027344
2021-01-13,127.8508529663086,86.94681549072266,208.6996612548828
2021-01-14,125.91683959960938,86.13419342041016,205.49696350097656
2021-01-15,124.18795013427734,85.96997833251953,205.13999938964844
2021-01-19,124.8619155883789,88.79896545410156,208.79617309570312
2021-01-20,128.96437072753906,93.55621337890625,216.41717529296875
2021-01-21,133.69200134277344,93.75923919677734,217.02491760253906
2021-01-22,135.84095764160156,94.17774200439453,217.9702911376953
2021-01-25,139.6015625,94.26333618164062,221.42384338378906
2021-01-26,139.83596801757812,94.9435806274414,224.125
2021-01-27,138.76148986816406,90.51425170898438,224.6748504638672
2021-01-28,133.90692138671875,92.2191162109375,230.49191284179688
2021-01-29,128.89602661132812,90.93324279785156,223.76805114746094
2021-02-01,131.025390625,94.203125,231.1864471435547
2021-02-02,131.8556365966797,95.49942779541016,231.05140686035156
2021-02-03,130.83006286621094,102.45417022705078,234.41815185546875
2021-02-04,134.19992065429688,102.19292449951172,233.46310424804688
2021-02-05,133.7841796875,103.94454956054688,233.64642333984375
2021-02-08,133.93093872070312,103.73007202148438,233.9068603515625
2021-02-09,133.05050659179688,103.27574157714844,235.16094970703125
2021-02-10,132.44398498535156,103.82759857177734,234.24452209472656
2021-02-11,132.1896514892578,103.94056701660156,235.8555450439453
2021-02-12,132.4244384765625,104.25306701660156,236.33786010742188
2021-02-16,130.2918701171875,105.03284454345703,235.0934295654297
2021-02-17,127.99300384521484,105.42695617675781,236.1183624267578
2021-02-18,126.88760375976562,104.78950500488281,235.72193908691406
2021-02-19,127.04411315917969,103.94355010986328,232.9952392578125
2021-02-22,123.25831604003906,102.22427368164062,226.74905395507812
2021-02-23,123.1213607788086,102.51587677001953,225.55007934570312
2021-02-24,122.62247467041016,103.69473266601562,226.7877197265625
2021-02-25,118.35733032226562,100.31788635253906,221.41171264648438
2021-02-26,118.62145233154297,100.61446380615234,224.6895294189453
2021-03-01,125.0093765258789,102.99060821533203,229.0986328125
2021-03-02,122.39746856689453,102.73284149169922,226.13018798828125
2021-03-03,119.40404510498047,100.09196472167969,220.02903747558594
2021-03-04,117.51604461669922,101.21260833740234,219.22647094726562
2021-03-05,118.77796936035156,104.35458374023438,223.93531799316406
2021-03-08,113.82808685302734,99.89739227294922,219.8646697998047
2021-03-09,118.45515441894531,101.53257751464844,226.0431671142578
2021-03-10,117.36930084228516,101.3250732421875,224.7282257080078
2021-03-11,119.30622100830078,104.52725982666016,229.28236389160156
2021-03-12,118.39644622802734,102.01229095458984,227.94796752929688
2021-03-15,121.29205322265625,102.23322296142578,227.03912353515625
2021-03-16,122.83767700195312,103.69872283935547,229.8431396484375
2021-03-17,122.0453109741211,103.61561584472656,229.19529724121094
2021-03-18,117.9073486328125,100.58609771728516,223.08445739746094
2021-03-19,117.37909698486328,100.86576843261719,222.72669982910156
2021-03-22,120.70511627197266,101.05137634277344,228.1800994873047
2021-03-23,119.87361907958984,101.58084869384766,229.7174530029297
2021-03-24,117.47692108154297,101.1429443359375,227.66758728027344
2021-03-25,117.96603393554688,101.13945770263672,224.65086364746094
2021-03-26,118.57256317138672,100.75479888916016,228.65380859375
2021-03-29,118.7486343383789,101.80278015136719,227.4548797607422
2021-03-30,117.29106140136719,101.83662414550781,224.1770782470703
2021-03-31,119.49209594726562,102.63530731201172,227.9673309326172
2021-04-01,120.3236083984375,105.9822998046875,234.32958984375
2021-04-05,123.16049194335938,110.42008209228516,240.82717895507812
2021-04-06,123.4637451171875,109.93738555908203,239.65724182128906
2021-04-07,125.11697387695312,111.41881561279297,241.6297149658203
2021-04-08,127.52345275878906,111.9861068725586,244.86883544921875
2021-04-09,130.1060028076172,112.99327850341797,247.38279724121094
2021-04-12,128.38427734375,111.69698333740234,247.4407958984375
2021-04-13,131.5048828125,112.18515014648438,249.9354248046875
2021-04-14,129.15707397460938,111.56211853027344,247.13140869140625
2021-04-15,131.57337951660156,113.71881103515625,250.91201782226562
2021-04-16,131.2407684326172,113.59440612792969,252.11097717285156
2021-04-19,131.90597534179688,113.94324493408203,250.1771240234375
2021-04-20,130.21359252929688,113.40829467773438,249.71307373046875
2021-04-21,130.5951385498047,113.37545776367188,251.9562530517578
2021-04-22,129.069091796875,112.09010314941406,248.6591339111328
2021-04-23,131.3972930908203,114.44933319091797,252.50738525390625
2021-04-26,131.78860473632812,114.94694519042969,252.89413452148438
2021-04-27,131.4657745361328,114.00395202636719,253.30026245117188
2021-04-28,130.67340087890625,117.3907699584961,246.13548278808594
2021-04-29,130.5755615234375,119.06874084472656,244.15333557128906
2021-04-30,128.59954833984375,117.11508178710938,243.8342742919922
2021-05-03,129.656005859375,116.59654998779297,243.5248260498047
2021-05-04,125.06806945800781,114.79268646240234,239.58950805664062
2021-05-05,125.31263732910156,115.18779754638672,238.313232421875
2021-05-06,126.91695404052734,116.3114242553711,241.46533203125
2021-05-07,127.59310913085938,117.03695678710938,244.10499572753906
2021-05-10,124.30062103271484,114.04227447509766,238.99972534179688
2021-05-11,123.37950134277344,112.96292877197266,238.0811767578125
2021-05-12,120.30260467529297,109.4890365600586,231.0904541015625
2021-05-13,122.45840454101562,110.92169189453125,234.98709106445312
2021-05-14,124.8885498046875,113.376953125,239.93759155273438
2021-05-17,123.73225402832031,113.90144348144531,237.06593322753906
2021-05-18,122.34080505371094,112.58523559570312,235.03541564941406
2021-05-19,122.18400573730469,113.03458404541016,235.6168975830078
2021-05-20,124.75135803222656,114.79866027832031,238.87319946289062
2021-05-21,122.9091567993164,114.16069793701172,237.60362243652344
2021-05-24,124.54558563232422,117.49029541015625,243.04049682617188
2021-05-25,124.34960174560547,117.58135223388672,243.95150756835938
2021-05-26,124.30062103271484,118.44920349121094,243.72862243652344
2021-05-27,122.76215362548828,117.57189178466797,241.61587524414062
2021-05-28,122.10562133789062,117.28178405761719,241.97442626953125
2021-06-01,121.78226470947266,118.49249267578125,239.76478576660156
2021-06-02,122.54656982421875,117.96551513671875,239.66787719726562
2021-06-03,121.05712890625,116.82048034667969,238.12701416015625
2021-06-04,123.3598861694336,119.10904693603516,243.05018615722656
2021-06-07,123.36969757080078,119.54346466064453,245.97698974609375
2021-06-08,124.19282531738281,119.35137939453125,244.77525329589844
2021-06-09,124.57498931884766,119.82412719726562,245.76380920410156
2021-06-10,123.57546997070312,121.17715454101562,249.30113220214844
2021-06-11,124.79054260253906,120.93183898925781,249.93109130859375
2021-06-14,127.85765075683594,121.86288452148438,251.86940002441406
2021-06-15,127.03453063964844,120.84175872802734,250.38656616210938
2021-06-16,127.53425598144531,120.19784545898438,249.43679809570312
2021-06-17,129.1413116455078,121.16421508789062,252.84820556640625
2021-06-18,127.83808135986328,119.53948974609375,251.42349243164062
2021-06-21,129.64105224609375,121.23289489746094,254.52484130859375
2021-06-22,131.28732299804688,121.74842071533203,257.3159484863281
2021-06-23,131.01290893554688,121.54590606689453,257.083251953125
2021-06-24,130.728759765625,121.91712188720703,258.4594421386719
2021-06-25,130.43478393554688,121.92557525634766,256.84100341796875
2021-06-28,132.07122802734375,121.95295715332031,260.4268493652344
2021-06-29,133.59007263183594,121.69070434570312,263.0240783691406
2021-06-30,134.20738220214844,121.5085678100586,262.5396423339844
2021-07-01,134.5111541748047,121.86188507080078,263.2179870605469
2021-07-02,137.14712524414062,124.6614990234375,269.0812072753906
2021-07-06,139.16574096679688,125.58956909179688,269.0909423828125
2021-07-07,141.66445922851562,125.87220764160156,271.2908630371094
2021-07-08,140.3612060546875,124.44901275634766,268.8583679199219
2021-07-09,142.19363403320312,124.92125701904297,269.36236572265625
2021-07-12,141.59585571289062,126.37132263183594,268.761474609375
2021-07-13,142.7129669189453,126.73558044433594,272.3084411621094
2021-07-14,146.15240478515625,127.62681579589844,273.79132080078125
2021-07-15,145.49591064453125,126.40068054199219,272.35693359375
2021-07-16,143.44789123535156,126.3658447265625,272.0855712890625
2021-07-19,139.58706665039062,123.9852294921875,268.46099853515625
2021-07-20,143.21273803710938,125.60897064208984,270.69970703125
2021-07-21,142.477783203125,126.94210052490234,272.71551513671875
2021-07-22,143.84962463378906,127.81043243408203,277.3092956542969
2021-07-23,145.57427978515625,132.382080078125,280.7303161621094
2021-07-26,145.99562072753906,133.39724731445312,280.12933349609375
2021-07-27,143.82025146484375,131.2723846435547,277.6968078613281
2021-07-28,142.06622314453125,135.44644165039062,277.3867492675781
2021-07-29,142.7129669189453,135.13143920898438,277.6581115722656
2021-07-30,142.9285430908203,134.08544921875,276.1171569824219
2021-08-02,142.59536743164062,134.2128448486328,276.0299377441406
2021-08-03,144.3983917236328,134.98463439941406,278.2589416503906
2021-08-04,143.99667358398438,134.4825439453125,277.6678466796875
2021-08-05,144.1044464111328,135.60317993164062,280.5849304199219
2021-08-06,143.41744995117188,135.09262084960938,280.5267333984375
2021-08-09,143.36839294433594,136.2615203857422,279.43157958984375
2021-08-10,142.88751220703125,136.15603637695312,277.5999450683594
2021-08-11,143.14268493652344,135.6305694580078,278.09423828125
2021-08-12,146.11624145507812,136.54119873046875,280.86602783203125
2021-08-13,146.32235717773438,137.07215881347656,283.8121337890625
2021-08-16,148.3046875,137.65139770507812,285.5081787109375
2021-08-17,147.39199829101562,136.01123046875,284.0350646972656
2021-08-18,143.6333465576172,134.80450439453125,282.2969970703125
2021-08-19,143.967041015625,135.03440856933594,288.1617431640625
2021-08-20,145.42930603027344,136.7755889892578,295.5316162109375
2021-08-23,146.9209442138672,139.3751678466797,295.81317138671875
2021-08-24,146.8326416015625,140.58934020996094,293.84210205078125
2021-08-25,145.5961456298828,141.4029541015625,293.24981689453125
2021-08-26,144.7913818359375,140.7675018310547,290.4144592285156
2021-08-27,145.8316650390625,143.31878662109375,291.0262451171875
2021-08-30,150.26742553710938,143.9025115966797,294.7839660644531
2021-08-31,149.00146484375,144.00900268554688,293.12353515625
2021-09-01,149.66880798339844,144.5245361328125,293.07501220703125
2021-09-02,150.78756713867188,142.605224609375,292.41473388671875
2021-09-03,151.42544555664062,143.05555725097656,292.405029296875
2021-09-07,153.77096557617188,143.593994140625,291.472900390625
2021-09-08,152.2203369140625,143.0072784423828,291.50201416015625
2021-09-09,151.19976806640625,142.85800170898438,288.6278991699219
2021-09-10,146.1947479248047,140.20567321777344,287.13250732421875
2021-09-13,146.7639617919922,141.65524291992188,288.3753662109375
2021-09-14,145.360595703125,141.86624145507812,291.0942077636719
2021-09-15,146.25363159179688,143.74227905273438,295.978271484375
2021-09-16,146.0181121826172,142.92666625976562,296.3666687011719
2021-09-17,143.3389434814453,140.1300506591797,291.1718444824219
2021-09-20,140.27711486816406,138.05943298339844,285.763427734375
2021-09-21,140.7579345703125,138.37144470214844,286.2489318847656
2021-09-22,143.13282775878906,139.6160125732422,289.91925048828125
2021-09-23,144.09463500976562,140.54408264160156,290.8708190917969
2021-09-24,144.1829376220703,141.53829956054688,290.66693115234375
2021-09-27,142.66180419921875,140.4007568359375,285.63720703125
2021-09-28,139.2662811279297,135.18368530273438,275.2961120605469
2021-09-29,140.1691436767578,133.71421813964844,275.76214599609375
2021-09-30,138.86392211914062,133.03993225097656,273.7425537109375
2021-10-01,139.99249267578125,135.89329528808594,280.71429443359375
2021-10-04,136.54788208007812,133.0235137939453,274.89794921875
2021-10-05,138.481201171875,135.37576293945312,280.38409423828125
2021-10-06,139.3546142578125,136.9104461669922,284.6079406738281
2021-10-07,140.62054443359375,138.56256103515625,286.2975158691406
2021-10-08,140.23785400390625,139.12037658691406,286.2975158691406
2021-10-11,140.14952087402344,138.25302124023438,285.6954650878906
2021-10-12,138.87371826171875,135.79974365234375,284.3846130371094
2021-10-13,138.284912109375,136.92735290527344,287.7151184082031
2021-10-14,141.08180236816406,140.47938537597656,293.9682922363281
2021-10-15,142.14169311523438,140.69532775878906,295.3859558105469
2021-10-18,143.81985473632812,142.0986328125,298.3766174316406
2021-10-19,145.98867797851562,142.55545043945312,299.289306640625
2021-10-20,146.47933959960938,141.09442138671875,298.4931640625
2021-10-21,146.6952362060547,141.2108917236328,301.7460021972656
2021-10-22,145.91998291015625,136.91192626953125,300.1923522949219
2021-10-25,145.87091064453125,136.7930145263672,299.1922607421875
2021-10-26,146.53823852539062,138.6456298828125,301.11480712890625
2021-10-27,146.07701110839844,145.5217742919922,313.7960205078125
2021-10-28,149.72769165039062,145.15501403808594,314.9418029785156
2021-10-29,147.00930786132812,147.34156799316406,322.0008544921875
2021-11-01,146.1849365234375,142.814208984375,319.8161315917969
2021-11-02,147.22518920898438,144.74050903320312,323.4671325683594
2021-11-03,148.6678466796875,145.9004669189453,324.3118896484375
2021-11-04,148.14772033691406,147.56201171875,326.68109130859375
2021-11-05,148.67843627929688,148.14373779296875,326.3121337890625
2021-11-08,147.85284423828125,148.32188415527344,327.2151184082031
2021-11-09,148.2164764404297,148.20993041992188,326.2052917480469
2021-11-10,145.3761749267578,145.1992950439453,321.2047119140625
2021-11-11,145.3270263671875,145.0729217529297,322.7873840332031
2021-11-12,147.41055297851562,147.97056579589844,326.9529724121094
2021-11-15,147.42039489746094,147.74563598632812,326.3218078613281
2021-11-16,148.4031982421875,147.17239379882812,329.6621398925781
2021-11-17,150.8503875732422,147.34255981445312,329.88580322265625
2021-11-18,155.15504455566406,149.12554931640625,331.97723388671875
2021-11-19,157.78897094726562,148.21786499023438,333.7671203613281
2021-11-22,158.25088500976562,145.6058807373047,330.57647705078125
2021-11-23,158.63418579101562,145.0883331298828,328.4849853515625
2021-11-24,159.1550750732422,145.42471313476562,328.7087097167969
2021-11-26,154.11325073242188,141.5064697265625,320.70281982421875
2021-11-29,157.4842987060547,144.83804321289062,327.463623046875
2021-11-30,162.457275390625,141.2223358154297,321.5880432128906
2021-12-01,161.93641662597656,140.38034057617188,321.0919494628906
2021-12-02,160.9437713623047,142.28575134277344,320.5180358886719
2021-12-03,159.05677795410156,141.32582092285156,314.2144470214844
2021-12-06,162.47694396972656,142.47384643554688,317.307861328125
2021-12-07,168.23614501953125,146.56875610351562,325.8001403808594
2021-12-08,172.069091796875,147.48138427734375,325.8487548828125
2021-12-09,171.5580291748047,146.93601989746094,324.0297546386719
2021-12-10,176.3639373779297,147.29727172851562,333.212646484375
2021-12-13,172.71774291992188,145.13262939453125,330.15814208984375
2021-12-14,171.3319854736328,143.22225952148438,319.3992919921875
2021-12-15,176.21649169921875,145.74420166015625,325.5375061035156
2021-12-16,169.29754638671875,143.75770568847656,316.0529479980469
2021-12-17,168.19683837890625,141.0506591796875,314.98291015625
2021-12-20,166.8307647705078,140.93321228027344,311.1988525390625
2021-12-21,170.01502990722656,142.7898406982422,318.3779296875
2021-12-22,172.61944580078125,145.71832275390625,324.1269836425781
2021-12-23,173.24842834472656,146.2174530029297,325.576416015625
2021-12-27,177.22882080078125,147.2027130126953,333.1250915527344
2021-12-28,176.20668029785156,145.98902893066406,331.9577331542969
2021-12-29,176.295166015625,145.95718383789062,332.6387634277344
2021-12-30,175.13543701171875,145.5048370361328,330.080322265625
2021-12-31,174.51629638671875,144.1627655029297,327.1619567871094
2022-01-03,178.8799285888672,144.30160522460938,325.6347961425781
2022-01-04,176.60963439941406,143.71243286132812,320.05108642578125
2022-01-05,171.91184997558594,137.1194305419922,307.7650146484375
2022-01-06,169.04208374023438,137.09207153320312,305.3331298828125
2022-01-07,169.20912170410156,136.36505126953125,305.4887390136719
2022-01-10,169.2288055419922,138.0096893310547,305.71240234375
2022-01-11,172.069091796875,139.0710906982422,306.4031066894531
2022-01-12,172.51133728027344,140.75753784179688,309.60345458984375
2022-01-13,169.2288055419922,137.92758178710938,296.5002746582031
2022-01-14,170.09365844726562,138.8168182373047,301.7533264160156
2022-01-18,166.87989807128906,135.35089111328125,294.4089050292969
2022-01-19,163.37130737304688,134.4735870361328,295.0702819824219
2022-01-20,161.68087768554688,132.67320251464844,293.38739013671875
2022-01-21,159.6169891357422,129.73126220703125,287.96917724609375
2022-01-24,158.840576171875,130.18161010742188,288.29986572265625
2022-01-25,157.03219604492188,126.33101654052734,280.6344299316406
2022-01-26,156.94375610351562,128.6180877685547,288.6305847167969
2022-01-27,156.48182678222656,128.39117431640625,291.67535400390625
2022-01-28,167.4007568359375,132.71649169921875,299.8660888671875
2022-01-31,171.77427673339844,134.65969848632812,302.5120849609375
2022-02-01,171.607177734375,136.98907470703125,300.35247802734375
2022-02-02,172.81602478027344,147.2957763671875,304.9245300292969
2022-02-03,169.9265899658203,142.4091339111328,293.04693603515625
2022-02-04,169.64122009277344,142.61119079589844,297.6092529296875
2022-02-07,168.92283630371094,138.53866577148438,292.7551574707031
2022-02-08,172.04232788085938,138.7357177734375,296.26678466796875
2022-02-09,173.4691619873047,140.91827392578125,302.73577880859375
2022-02-10,169.37550354003906,137.9604034423828,294.14617919921875
2022-02-11,165.95101928710938,133.64353942871094,287.0060729980469
2022-02-14,166.18719482421875,134.88113403320312,286.9671630859375
2022-02-15,170.03482055664062,135.95849609375,292.28826904296875
2022-02-16,169.79869079589844,137.08262634277344,291.94708251953125
2022-02-17,166.18719482421875,131.90835571289062,283.39825439453125
2022-02-18,164.63238525390625,129.7825164794922,280.6688232421875
2022-02-22,161.69989013671875,129.19581604003906,280.464111328125
2022-02-23,157.5176544189453,126.98090362548828,273.2019958496094
2022-02-24,160.1450958251953,132.0596160888672,287.1608581542969
2022-02-25,162.221435546875,133.81971740722656,289.8122863769531
2022-02-28,162.4871368408203,134.41436767578125,291.25494384765625
2022-03-01,160.5977325439453,133.42359924316406,287.5118103027344
2022-03-02,163.90414428710938,133.9311981201172,292.6195983886719
2022-03-03,163.57945251464844,133.26239013671875,288.45733642578125
2022-03-04,160.56822204589844,131.2788543701172,282.5501403808594
2022-03-07,156.75994873046875,125.77716827392578,271.8763732910156
2022-03-08,154.92958068847656,126.49971008300781,268.8934631347656
2022-03-09,160.35171508789062,132.78515625,281.2244567871094
2022-03-10,155.99237060546875,131.79937744140625,278.3878173828125
2022-03-11,152.2628173828125,129.25254821777344,273.0070495605469
2022-03-14,148.2183380126953,125.35169982910156,269.4685974121094
2022-03-15,152.61705017089844,128.583251953125,279.9084777832031
2022-03-16,157.04530334472656,132.64633178710938,286.96588134765625
2022-03-17,158.05886840820312,133.20217895507812,287.7750244140625
2022-03-18,161.3653106689453,135.47776794433594,292.85357666015625
2022-03-21,162.7430419921875,135.4539031982422,291.6156311035156
2022-03-22,166.12814331054688,139.20248413085938,296.3920593261719
2022-03-23,167.49595642089844,137.6175537109375,291.93731689453125
2022-03-24,171.29441833496094,140.89837646484375,296.4310607910156
2022-03-25,171.93405151367188,140.9989013671875,296.0216979980469
2022-03-28,172.800048828125,140.78244018554688,302.86456298828125
2022-03-29,176.1064453125,141.82740783691406,307.455810546875
2022-03-30,174.9354248046875,141.2631378173828,305.94488525390625
2022-03-31,171.82582092285156,138.40579223632812,300.53485107421875
2022-04-01,171.5305938720703,139.48362731933594,301.6169128417969
2022-04-04,175.59475708007812,142.2912139892578,307.0269470214844
2022-04-05,172.2686309814453,139.92205810546875,303.0400695800781
2022-04-06,169.0901336669922,135.89830017089844,291.94708251953125
2022-04-07,169.39520263671875,135.24191284179688,293.7699279785156
2022-04-08,167.37783813476562,132.65328979492188,289.4808349609375
2022-04-11,163.10708618164062,128.21054077148438,278.066162109375
2022-04-12,164.9866485595703,127.10680389404297,274.94677734375
2022-04-13,167.68292236328125,129.2759246826172,280.36663818359375
2022-04-14,162.65444946289062,126.12699127197266,272.7730712890625
2022-04-18,162.4379425048828,127.0689926147461,273.4456787109375
2022-04-19,164.7307586669922,129.39041137695312,278.1051330566406
2022-04-20,164.56350708007812,127.43075561523438,279.1383972167969
2022-04-21,163.76638793945312,124.2206039428711,273.7283630371094
2022-04-22,159.2102508544922,119.06624603271484,267.119384765625
2022-04-25,160.28285217285156,122.48838806152344,273.640625
2022-04-26,154.29978942871094,118.08544158935547,263.40545654296875
2022-04-27,154.07347106933594,113.75067138671875,276.0776062011719
2022-04-28,161.03074645996094,117.95854187011719,282.325927734375
2022-04-29,155.13624572753906,113.56654357910156,270.5213317871094
2022-05-02,155.44131469726562,116.02826690673828,277.29608154296875
2022-05-03,156.9370574951172,116.77569580078125,274.6739501953125
2022-05-04,163.37277221679688,121.67925262451172,282.6671447753906
2022-05-05,154.27027893066406,115.95114135742188,270.35565185546875
2022-05-06,154.99954223632812,115.19575500488281,267.8017578125
2022-05-09,149.855224609375,111.97564697265625,257.9076843261719
2022-05-10,152.26971435546875,113.85067749023438,262.7035827636719
2022-05-11,144.37583923339844,113.06195831298828,253.97926330566406
2022-05-12,140.4929962158203,112.30706024169922,248.91046142578125
2022-05-13,144.97702026367188,115.4983139038086,254.5349884033203
2022-05-16,143.4297637939453,113.90044403076172,254.9053497314453
2022-05-17,147.0761260986328,115.91879272460938,260.0911865234375
2022-05-18,138.77821350097656,111.3670654296875,248.24935913085938
2022-05-19,135.35850524902344,109.85877227783203,247.33091735839844
2022-05-20,135.5950164794922,108.3897933959961,246.76419067382812
2022-05-23,141.0349884033203,110.95751953125,254.66854858398438
2022-05-24,138.3248748779297,105.46578216552734,253.6622314453125
2022-05-25,138.48257446289062,105.30155944824219,256.4956359863281
2022-05-26,141.69528198242188,107.27960205078125,259.798095703125
2022-05-27,147.47032165527344,111.78207397460938,266.9696350097656
2022-05-31,146.681884765625,113.220703125,265.631103515625
2022-06-01,146.55381774902344,113.3500747680664,266.16845703125
2022-06-02,149.017578125,117.06282806396484,268.2789001464844
2022-06-03,143.2720947265625,113.9959945678711,263.82354736328125
2022-06-06,144.02105712890625,116.2646484375,262.5826721191406
2022-06-07,146.55381774902344,116.59207916259766,266.2466125488281
2022-06-08,145.81468200683594,116.63636016845703,264.2045593261719
2022-06-09,140.57183837890625,114.28910064697266,258.7135925292969
2022-06-10,135.14169311523438,110.632568359375,247.18434143066406
2022-06-13,129.96783447265625,105.88626098632812,236.70059204101562
2022-06-14,130.83506774902344,106.20772552490234,238.87940979003906
2022-06-15,133.46633911132812,109.24222564697266,245.98257446289062
2022-06-16,128.1742401123047,105.52897644042969,239.348388671875
2022-06-17,129.65245056152344,106.63369750976562,241.96685791015625
2022-06-21,133.89993286132812,111.01325225830078,247.91712951660156
2022-06-22,133.38751220703125,110.95702362060547,247.3211212158203
2022-06-23,136.26519775390625,111.70792388916016,252.91958618164062
2022-06-24,139.6060333251953,117.41365051269531,261.5567932128906
2022-06-27,139.6060333251953,115.28233337402344,258.811279296875
2022-06-28,135.44720458984375,111.47454071044922,250.59425354003906
2022-06-29,137.21124267578125,111.17000579833984,254.2875213623047
2022-06-30,134.7376251220703,108.44452667236328,250.93618774414062
2022-07-01,136.91563415527344,108.22010803222656,253.6230926513672
2022-07-05,139.5074920654297,112.72406768798828,256.818115234375
2022-07-06,140.8477783203125,114.02684020996094,260.1009521484375
2022-07-07,144.22802734375,118.21780395507812,262.2406921386719
2022-07-08,144.9080352783203,118.78559875488281,261.5177307128906
2022-07-11,142.7694854736328,115.12609100341797,258.44000244140625
2022-07-12,143.74513244628906,113.47796630859375,247.8487091064453
2022-07-13,143.3804931640625,110.82366180419922,246.92051696777344
2022-07-14,146.31729125976562,109.84235382080078,248.24935913085938
2022-07-15,147.99264526367188,111.24563598632812,250.8287353515625
2022-07-18,144.9375762939453,108.51121520996094,248.41543579101562
2022-07-19,148.8106231689453,113.26846313476562,253.57421875
2022-07-20,150.82102966308594,113.35803985595703,256.2513427734375
2022-07-21,153.0975341796875,113.79595184326172,258.76239013671875
2022-07-22,151.8557891845703,107.3865966796875,254.38516235351562
2022-07-25,150.73233032226562,106.99845123291016,252.8903045654297
2022-07-26,149.40191650390625,104.52029418945312,246.11936950683594
2022-07-27,154.51661682128906,112.52204132080078,262.5728759765625
2022-07-28,155.0685272216797,113.67652130126953,270.0668640136719
2022-07-29,160.15370178222656,115.76652526855469,274.2975769042969
2022-08-01,159.168212890625,114.31346893310547,271.6301574707031
2022-08-02,157.68995666503906,114.58219146728516,268.5133972167969
2022-08-03,163.72125244140625,117.51815795898438,275.9878234863281
2022-08-04,163.4058837890625,117.62763214111328,277.1407775878906
2022-08-05,163.17889404296875,116.91105651855469,276.4176940917969
2022-08-08,162.70516967773438,116.74185943603516,273.88714599609375
2022-08-09,162.75457763671875,116.07504272460938,275.82171630859375
2022-08-10,167.017822265625,119.13043975830078,282.52435302734375
2022-08-11,166.27764892578125,118.2745361328125,280.4334411621094
2022-08-12,169.84024047851562,121.10102081298828,285.21124267578125
2022-08-15,170.91595458984375,121.49913024902344,286.73541259765625
2022-08-16,170.75804138183594,121.12092590332031,285.99285888671875
2022-08-17,172.2581024169922,118.98116302490234,285.2388610839844
2022-08-18,171.86334228515625,119.59820556640625,284.11297607421875
2022-08-19,169.2678680419922,116.65229797363281,280.1767883300781
2022-08-22,165.36973571777344,113.69642639160156,271.9521484375
2022-08-23,165.03416442871094,113.31822967529297,270.6695556640625
2022-08-24,165.3302459716797,113.14904022216797,270.0330810546875
2022-08-25,167.7974090576172,116.09495544433594,273.0292053222656
2022-08-26,161.47158813476562,109.81498718261719,262.49383544921875
2022-08-29,159.26100158691406,108.89935302734375,259.6935119628906
2022-08-30,156.82347106933594,108.42163848876953,257.4806823730469
2022-08-31,155.15562438964844,107.70506286621094,256.01202392578125
2022-09-01,155.8859100341797,109.21783447265625,254.96435546875
2022-09-02,153.76412963867188,107.33683013916016,250.7149200439453
2022-09-06,152.50096130371094,106.30177307128906,247.96359252929688
2022-09-07,153.91220092773438,108.92921447753906,252.70257568359375
2022-09-08,152.43186950683594,107.86430358886719,253.12359619140625
2022-09-09,155.3036651611328,110.12350463867188,258.93963623046875
2022-09-12,161.2841033935547,110.33250427246094,261.0838317871094
2022-09-13,151.8200225830078,103.8236312866211,246.72991943359375
2022-09-14,153.27069091796875,104.5003890991211,246.95510864257812
2022-09-15,150.36932373046875,102.42034149169922,240.2578582763672
2022-09-16,148.72125244140625,102.31086730957031,239.6312255859375
2022-09-19,152.4515838623047,102.57957458496094,239.41583251953125
2022-09-20,154.83982849121094,100.65876007080078,237.38902282714844
2022-09-21,151.7015838623047,98.8075942993164,233.96209716796875
2022-09-22,150.7344512939453,99.66351318359375,235.94972229003906
2022-09-23,148.45480346679688,98.27017211914062,232.95359802246094
2022-09-26,148.79034423828125,97.70288848876953,232.493408203125
2022-09-27,149.76731872558594,97.03607177734375,231.47512817382812
2022-09-28,147.87252807617188,99.57394409179688,236.03785705566406
2022-09-29,140.6091766357422,96.95645141601562,232.5423583984375
2022-09-30,136.38536071777344,95.19487762451172,228.03836059570312
2022-10-03,140.57958984375,98.17064666748047,235.7147216796875
2022-10-04,144.18165588378906,101.15637969970703,243.68478393554688
2022-10-05,144.47767639160156,100.94737243652344,243.99810791015625
2022-10-06,143.5204620361328,100.93742370605469,241.63844299316406
2022-10-07,138.2505645751953,98.21045684814453,229.3504180908203
2022-10-10,138.5762176513672,97.39437103271484,224.46456909179688
2022-10-11,137.15512084960938,96.71759796142578,220.7047576904297
2022-10-12,136.52352905273438,97.09578704833984,221.03762817382812
2022-10-13,141.11248779296875,98.58865356445312,229.3504180908203
2022-10-14,136.56300354003906,96.10054779052734,223.78897094726562
2022-10-17,140.5400848388672,99.49432373046875,232.5717315673828
2022-10-18,141.8625030517578,100.29051208496094,233.521484375
2022-10-19,141.9710693359375,99.15594482421875,231.54364013671875
2022-10-20,141.5072479248047,99.49432373046875,231.22055053710938
2022-10-21,145.33628845214844,100.64879608154297,237.06590270996094
2022-10-24,147.4876708984375,102.03218841552734,242.08883666992188
2022-10-25,150.3397216796875,103.98286437988281,245.42764282226562
2022-10-26,147.3889617919922,94.47830200195312,226.4913787841797
2022-10-27,142.89871215820312,91.78120422363281,222.01675415039062
2022-10-28,153.69505310058594,95.83182525634766,230.94638061523438
2022-10-31,151.32656860351562,94.060302734375,227.2844696044922
2022-11-01,148.67190551757812,90.0395278930664,223.40711975097656
2022-11-02,143.12570190429688,86.55618286132812,215.50558471679688
2022-11-03,137.05642700195312,83.03302001953125,209.77769470214844
2022-11-04,136.78953552246094,86.16803741455078,216.76866149902344
2022-11-07,137.3233184814453,88.06893920898438,223.11338806152344
2022-11-08,137.89666748046875,88.47699737548828,224.09249877929688
2022-11-09,133.31988525390625,86.90451049804688,219.82351684570312
2022-11-10,145.1819610595703,93.49302673339844,237.90798950195312
2022-11-11,147.9794464111328,95.95125579833984,241.95175170898438
2022-11-14,146.57579040527344,95.24462890625,236.5078125
2022-11-15,148.3155059814453,97.97160339355469,236.91905212402344
2022-11-16,147.0798797607422,98.37965393066406,237.35107421875
2022-11-17,148.9877166748047,97.89198303222656,237.30198669433594
2022-11-18,149.5511474609375,96.9664077758789,236.85032653808594
2022-11-21,146.30885314941406,95.14511108398438,237.66526794433594
2022-11-22,148.4539337158203,96.58822631835938,240.5912628173828
2022-11-23,149.33370971679688,97.99150848388672,243.09512329101562
2022-11-25,146.40773010253906,96.99626159667969,243.00672912597656
2022-11-28,142.5624237060547,95.59297180175781,237.38052368164062
2022-11-29,139.54747009277344,94.73706817626953,235.9764404296875
2022-11-30,146.3286590576172,100.50947570800781,250.51817321777344
2022-12-01,146.60537719726562,100.50947570800781,250.07632446289062
2022-12-02,146.11114501953125,99.96208953857422,250.40032958984375
2022-12-05,144.94473266601562,99.00665283203125,245.6676483154297
2022-12-06,141.2675018310547,96.51854705810547,240.67965698242188
2022-12-07,139.3201446533203,94.4882583618164,239.94325256347656
2022-12-08,141.01046752929688,93.26410675048828,242.91835021972656
2022-12-09,140.52610778808594,92.38829803466797,240.97421264648438
2022-12-12,142.82933044433594,92.86601257324219,247.93576049804688
2022-12-13,143.79808044433594,95.17497253417969,252.26593017578125
2022-12-14,141.5640411376953,94.61763763427734,252.5605010986328
2022-12-15,134.93116760253906,90.42766571044922,244.4991912841797
2022-12-16,132.96400451660156,89.83052062988281,240.2574462890625
2022-12-19,130.8486328125,88.0191879272461,236.0942840576172
2022-12-20,130.77943420410156,88.5964126586914,237.41983032226562
2022-12-21,133.8932342529297,89.15375518798828,240.0021514892578
2022-12-22,130.71022033691406,87.34242248535156,233.87521362304688
2022-12-23,130.34449768066406,88.80543518066406,234.40541076660156
2022-12-27,128.5355224609375,86.97417449951172,232.66751098632812
2022-12-28,124.59139251708984,85.61070251464844,230.28150939941406
2022-12-29,128.120361328125,88.02912902832031,236.6441192626953
2022-12-30,128.4366455078125,87.81018829345703,235.47569274902344
2023-01-03,123.63252258300781,88.6959457397461,235.24000549316406
2023-01-04,124.90770721435547,87.66090393066406,224.9498748779297
2023-01-05,123.58309936523438,85.78984832763672,218.28285217285156
2023-01-06,128.13023376464844,86.9244155883789,220.8553924560547
2023-01-09,128.65415954589844,87.60118103027344,223.00570678710938
2023-01-10,129.2274932861328,87.99928283691406,224.70440673828125
2023-01-11,131.9557342529297,91.08452606201172,231.49905395507812
2023-01-12,131.87669372558594,90.69638061523438,234.1894073486328
2023-01-13,133.21115112304688,91.68167877197266,234.89634704589844
2023-01-17,134.37759399414062,90.85562896728516,235.99609375
2023-01-18,133.65599060058594,90.68643188476562,231.53831481933594
2023-01-19,133.71530151367188,92.60725402832031,227.7285919189453
2023-01-20,136.28541564941406,97.55359649658203,235.86843872070312
2023-01-23,139.4882049560547,99.315185546875,238.18569946289062
2023-01-24,140.891845703125,97.23511505126953,237.65545654296875
2023-01-25,140.22955322265625,94.76692962646484,236.25135803222656
2023-01-26,142.305419921875,97.05597686767578,243.50747680664062
2023-01-27,144.25277709960938,98.89718627929688,243.6645965576172
2023-01-30,141.3564453125,96.4787368774414,238.31332397460938
2023-01-31,142.63160705566406,98.36969757080078,243.3209228515625
2023-02-01,143.75852966308594,99.95213317871094,248.17141723632812
2023-02-02,149.08660888671875,107.22734832763672,259.8067932128906
2023-02-03,152.7242889404297,104.28143310546875,253.6699981689453
2023-02-06,149.9861297607422,102.41038513183594,252.11859130859375
2023-02-07,152.87255859375,107.12782287597656,262.713134765625
2023-02-08,150.17393493652344,98.89718627929688,261.8982238769531
2023-02-09,149.135986328125,94.55792236328125,258.84454345703125
2023-02-10,149.50233459472656,94.1200180053711,258.333984375
2023-02-13,152.31394958496094,94.15982818603516,266.40509033203125
2023-02-14,151.67042541503906,94.2294921875,267.2396240234375
2023-02-15,153.7791748046875,96.4787368774414,265.1036376953125
2023-02-16,152.17535400390625,95.0555419921875,258.0458679199219
2023-02-17,151.02694702148438,93.90106201171875,254.01991271972656
2023-02-21,146.99755859375,91.3532485961914,248.7143096923828
2023-02-22,147.42327880859375,91.21391296386719,247.57244873046875
2023-02-23,147.90838623046875,90.45752716064453,250.78143310546875
2023-02-24,145.2452392578125,88.70590209960938,245.31832885742188
2023-02-27,146.44314575195312,89.4423828125,246.2436065673828
2023-02-28,145.93824768066406,89.63147735595703,245.51516723632812
2023-03-01,143.8592071533203,89.93004608154297,242.4145050048828
2023-03-02,144.4532470703125,91.56224060058594,247.17872619628906
2023-03-03,149.52210998535156,93.20439147949219,251.29327392578125
2023-03-06,152.294189453125,94.6773452758789,252.84857177734375
2023-03-07,150.08639526367188,93.41340637207031,250.1710968017578
2023-03-08,151.34371948242188,93.8015365600586,249.72816467285156
2023-03-09,149.08651733398438,91.88072967529297,248.3697967529297
2023-03-10,147.0173797607422,90.19876098632812,244.6981658935547
2023-03-13,148.9676971435547,90.67648315429688,249.94471740722656
2023-03-14,151.06651306152344,93.52287292480469,256.7071838378906
2023-03-15,151.46255493164062,95.65267944335938,261.2843933105469
2023-03-16,154.29397583007812,99.84265899658203,271.8759460449219
2023-03-17,153.45248413085938,101.136474609375,275.05535888671875
2023-03-20,155.8284912109375,100.7383804321289,267.96807861328125
2023-03-21,157.68975830078125,104.42076873779297,269.49383544921875
2023-03-22,156.25421142578125,102.8781509399414,268.0271301269531
2023-03-23,157.34323120117188,105.0975341796875,273.3131103515625
2023-03-24,158.6500701904297,104.93830108642578,276.17755126953125
2023-03-27,156.69973754882812,101.97248077392578,272.0531005859375
2023-03-28,156.07598876953125,100.54928588867188,270.92108154296875
2023-03-29,159.16485595703125,100.90756225585938,276.1184997558594
2023-03-30,160.73899841308594,100.40995025634766,279.6029968261719
2023-03-31,163.25360107421875,103.2364273071289,283.7864685058594
2023-04-03,164.51092529296875,103.86343383789062,282.7332458496094
2023-04-04,163.97634887695312,104.22172546386719,282.6839599609375
2023-04-05,162.12501525878906,103.97290802001953,279.88848876953125
2023-04-06,163.01602172851562,107.90411376953125,287.03485107421875
2023-04-10,160.41229248046875,105.93354034423828,284.8594970703125
2023-04-11,159.19456481933594,104.84872436523438,278.4020690917969
2023-04-12,158.5015411376953,104.14209747314453,279.0517883300781
2023-04-13,163.9070281982422,106.91883087158203,285.3023986816406
2023-04-14,163.56053161621094,108.35197448730469,281.6603698730469
2023-04-17,163.58033752441406,105.46578216552734,284.2785949707031
2023-04-18,164.80796813964844,104.00276947021484,283.85540771484375
2023-04-19,165.9563751220703,103.68429565429688,283.9341125488281
2023-04-20,164.9861602783203,104.78900909423828,281.63079833984375
2023-04-21,163.37245178222656,104.908447265625,281.2862548828125
2023-04-24,163.6793212890625,105.46578216552734,277.35870361328125
2023-04-25,162.13490295410156,103.35585021972656,271.108154296875
2023-04-26,162.12501525878906,103.21652221679688,290.745849609375
2023-04-27,166.72857666015625,107.07806396484375,300.05767822265625
2023-04-28,167.9858856201172,106.8292465209961,302.4496765136719
2023-05-01,167.89678955078125,106.68991088867188,300.77630615234375
2023-05-02,166.85728454589844,104.81886291503906,300.62860107421875
2023-05-03,165.77816772460938,104.908447265625,299.6343994140625
2023-05-04,164.13473510742188,104.19186401367188,300.62860107421875
2023-05-05,171.8370819091797,105.06768035888672,305.78656005859375
2023-05-08,171.76776123046875,107.2572021484375,303.8178405761719
2023-05-09,170.0550537109375,106.8392105102539,302.1937255859375
2023-05-10,171.82716369628906,111.21826934814453,307.4206237792969
2023-05-11,172.0152587890625,116.01533508300781,305.2550354003906
2023-05-12,171.08335876464844,116.95087432861328,304.1329040527344
2023-05-15,170.58766174316406,115.95561981201172,304.615234375
2023-05-16,170.58766174316406,118.94135284423828,306.8594970703125
2023-05-17,171.20233154296875,120.26502227783203,309.75982666015625
2023-05-18,173.54202270507812,122.24555206298828,314.21875
2023-05-19,173.6510772705078,122.17588806152344,314.04119873046875
2023-05-22,172.69932556152344,124.45499420166016,316.8428649902344
2023-05-23,170.08204650878906,121.9768295288086,311.0027770996094
2023-05-24,170.3596649169922,120.32473754882812,309.6118469238281
2023-05-25,171.49974060058594,122.89246368408203,321.5189208984375
2023-05-26,173.918701171875,124.01708221435547,328.3947448730469
2023-05-30,175.7726287841797,123.08155822753906,326.73736572265625
2023-05-31,175.72303771972656,122.28536224365234,323.9555358886719
2023-06-01,178.53857421875,123.13130950927734,328.0888977050781
2023-06-02,179.3911590576172,124.07678985595703,330.870849609375
2023-06-05,178.03297424316406,125.4104232788086,331.403564453125
2023-06-06,177.66616821289062,126.70423126220703,329.174072265625
2023-06-07,176.2881622314453,121.91712188720703,319.0131530761719
2023-06-08,179.0144500732422,121.558837890625,320.8677978515625
2023-06-09,179.40109252929688,121.64840698242188,322.3771057128906
2023-06-12,182.20669555664062,123.05168914794922,327.3687744140625
2023-06-13,181.7308349609375,123.24079895019531,329.77581787109375
2023-06-14,182.36534118652344,123.08155822753906,332.78460693359375
2023-06-15,184.4075927734375,124.49479675292969,343.39935302734375
2023-06-16,183.32696533203125,122.94222259521484,337.707275390625
2023-06-20,183.41619873046875,122.51426696777344,333.4850769042969
2023-06-21,182.375244140625,119.97639465332031,329.0556945800781
2023-06-22,185.38905334472656,122.56403350830078,335.1226501464844
2023-06-23,185.07180786132812,121.75788116455078,330.4959411621094
2023-06-26,183.6739501953125,117.77691650390625,324.1626892089844
2023-06-27,186.43992614746094,117.76696014404297,330.05206298828125
2023-06-28,187.6196746826172,119.60816192626953,331.31475830078125
2023-06-29,187.95675659179688,118.5333023071289,330.52557373046875
2023-06-30,192.2990264892578,119.13043975830078,335.9414978027344
2023-07-03,190.80203247070312,119.3294906616211,333.42584228515625
2023-07-05,189.6817626953125,121.17068481445312,333.5837097167969
2023-07-06,190.15760803222656,119.53849029541016,336.6615295410156
2023-07-07,189.03732299804688,118.9114990234375,332.666259765625
2023-07-10,186.98519897460938,115.89590454101562,327.34906005859375
2023-07-11,186.4597625732422,116.5826187133789,327.98040771484375
2023-07-12,188.1352081298828,118.36410522460938,332.6465148925781
2023-07-13,188.8985595703125,123.94741821289062,338.0328063964844
2023-07-14,189.0472869873047,124.8232192993164,340.57794189453125
2023-07-17,192.31884765625,124.05689239501953,341.06134033203125
2023-07-18,192.0610809326172,123.1711196899414,354.6355285644531
2023-07-19,193.4192657470703,121.44934844970703,350.28509521484375
2023-07-20,191.46624755859375,118.63282012939453,342.1859436035156
2023-07-21,190.28648376464844,119.44892120361328,339.1278076171875
2023-07-24,191.08953857421875,120.95173645019531,340.44970703125
2023-07-25,191.95201110839844,121.62849426269531,346.240478515625
2023-07-26,192.824462890625,128.6549072265625,333.20880126953125
2023-07-27,191.55548095703125,128.78427124023438,326.2540283203125
2023-07-28,194.1429901123047,131.94915771484375,333.80078125
2023-07-31,194.7576446533203,132.0885009765625,331.38385009765625
2023-08-01,193.92489624023438,130.92404174804688,331.79815673828125
2023-08-02,190.92098999023438,127.7691421508789,323.0775146484375
2023-08-03,189.5231170654297,127.83879852294922,322.2488708496094
2023-08-04,180.42221069335938,127.50041961669922,323.3537292480469
2023-08-07,177.30926513671875,130.90415954589844,325.6522521972656
2023-08-08,178.25108337402344,130.77476501464844,321.6470642089844
2023-08-09,176.6549530029297,129.04306030273438,317.8786926269531
2023-08-10,176.43682861328125,129.0729217529297,318.5692138671875
2023-08-11,176.49639892578125,128.94351196289062,316.6752014160156
2023-08-14,178.15426635742188,130.70510864257812,319.66424560546875
2023-08-15,176.1588897705078,129.16249084472656,317.513671875
2023-08-16,175.28529357910156,128.08761596679688,316.7425842285156
2023-08-17,172.73399353027344,129.3018035888672,313.2627258300781
2023-08-18,173.22042846679688,126.853515625,312.8674011230469
2023-08-21,174.5605926513672,127.7591781616211,318.2056884765625
2023-08-22,175.94049072265625,128.4658203125,318.7790222167969
2023-08-23,179.80218505859375,131.7401580810547,323.2672424316406
2023-08-24,175.0966796875,129.16249084472656,316.3174743652344
2023-08-25,177.31044006347656,129.26199340820312,319.29315185546875
2023-08-28,178.8789520263672,130.38662719726562,320.00494384765625
2023-08-29,182.7803497314453,133.92970275878906,324.6611633300781
2023-08-30,186.28466796875,135.2334747314453,325.0368347167969
2023-08-31,186.50306701660156,135.52207946777344,324.0185546875
2023-09-01,188.08151245117188,135.01451110839844,324.9082946777344
2023-09-05,188.3197479248047,135.1239776611328,329.74249267578125
2023-09-06,181.57916259765625,133.82022094726562,329.0801086425781
2023-09-07,176.26809692382812,134.61639404296875,326.14398193359375
2023-09-08,176.88356018066406,135.73106384277344,330.4542541503906
2023-09-11,178.0549774169922,136.2685089111328,334.0823669433594
2023-09-12,175.01727294921875,134.69602966308594,327.9827575683594
2023-09-13,172.9424591064453,136.0595245361328,332.22381591796875
2023-09-14,174.46133422851562,137.44290161132812,334.8337097167969
2023-09-15,173.73663330078125,136.7462158203125,326.45050048828125
2023-09-18,176.67507934570312,137.55238342285156,325.3037414550781
2023-09-19,177.76710510253906,137.38316345214844,324.89837646484375
2023-09-20,174.21315002441406,133.1036376953125,317.10833740234375
2023-09-21,172.66448974609375,129.8193359375,315.8825378417969
2023-09-22,173.5182342529297,129.6302490234375,313.3913269042969
2023-09-25,174.79884338378906,130.4861602783203,313.9152526855469
2023-09-26,170.7088623046875,127.958251953125,308.576904296875
2023-09-27,169.18994140625,129.9188690185547,309.219482421875
2023-09-28,169.44808959960938,131.68043518066406,310.05975341796875
2023-09-29,169.9642791748047,130.23733520507812,312.14569091796875
2023-10-02,172.4857940673828,133.53160095214844,318.1265563964844
2023-10-03,171.14561462402344,131.79986572265625,309.8126525878906
2023-10-04,172.39646911621094,134.5965118408203,315.31903076171875
2023-10-05,173.63739013671875,134.42730712890625,315.7144470214844
2023-10-06,176.1986083984375,136.9253692626953,323.5242919921875
2023-10-09,177.68768310546875,137.7613525390625,326.0550537109375
2023-10-10,177.092041015625,137.40309143066406,324.6413879394531
2023-10-11,178.49180603027344,139.88125610351562,328.6253967285156
2023-10-12,179.3951873779297,138.3087615966797,327.3797912597656
2023-10-13,177.54872131347656,136.70640563964844,323.9889221191406
2023-10-16,177.41964721679688,138.43812561035156,328.8428955078125
2023-10-17,175.86106872558594,139.05519104003906,328.2695007324219
2023-10-18,174.5605926513672,137.30355834960938,326.3417053222656
2023-10-19,174.18338012695312,137.0945587158203,327.5379333496094
2023-10-20,171.6221466064453,134.95480346679688,322.9410705566406
2023-10-23,171.74127197265625,135.85049438476562,325.560791015625
2023-10-24,172.1780548095703,138.14952087402344,326.7569274902344
2023-10-25,169.85511779785156,125.01232147216797,336.78118896484375
2023-10-26,165.67572021484375,121.69816589355469,324.1471252441406
2023-10-27,166.9960479736328,121.58868408203125,326.045166015625
2023-10-30,169.05096435546875,123.8677978515625,333.45953369140625
2023-10-31,169.5275115966797,123.48960876464844,334.25042724609375
2023-11-01,172.70419311523438,125.84832000732422,342.1195983886719
2023-11-02,176.2780303955078,126.88337707519531,344.3439025878906
2023-11-03,175.36468505859375,128.48573303222656,348.7727355957031
2023-11-06,177.92593383789062,129.6302490234375,352.4601135253906
2023-11-07,180.49710083007812,130.34683227539062,356.41448974609375
2023-11-08,181.55929565429688,131.2126922607422,359.05401611328125
2023-11-09,181.08282470703125,129.6202850341797,356.5727233886719
2023-11-10,185.2875518798828,131.9591064453125,365.4501953125
2023-11-13,183.69711303710938,131.46148681640625,362.49432373046875
2023-11-14,186.32135009765625,132.9842071533203,366.04327392578125
2023-11-15,186.88795471191406,133.9794464111328,366.1919250488281
2023-11-16,188.5778045654297,136.27845764160156,372.6307678222656
2023-11-17,188.55792236328125,134.66615295410156,366.3702392578125
2023-11-20,190.3074188232422,135.60169982910156,373.8887939453125
2023-11-21,189.5022430419922,136.31826782226562,369.5599365234375
2023-11-22,190.16824340820312,137.83103942871094,374.2949523925781
2023-11-24,188.83624267578125,136.0395965576172,373.8788757324219
2023-11-27,188.65731811523438,135.7609405517578,375.04779052734375
2023-11-28,189.263671875,136.5471649169922,379.0993347167969
2023-11-29,188.2398223876953,134.34768676757812,375.2855224609375
2023-11-30,188.8163604736328,131.89938354492188,375.3450012207031
2023-12-01,190.09866333007812,131.23257446289062,370.98638916015625
2023-12-04,188.29945373535156,128.6549072265625,365.6669006347656
2023-12-05,192.26564025878906,130.36672973632812,369.01507568359375
2023-12-06,191.17222595214844,129.40135192871094,365.330078125
2023-12-07,193.11056518554688,136.27845764160156,367.4598388671875
2023-12-08,194.54197692871094,134.34768676757812,370.708984375
2023-12-11,192.027099609375,132.65576171875,367.8065490722656
2023-12-12,193.5479736328125,131.8894500732422,370.8575744628906
2023-12-13,196.778564453125,131.939208984375,370.84765625
2023-12-14,196.92767333984375,131.3122100830078,362.4870910644531
2023-12-15,196.39089965820312,131.9690704345703,367.2419128417969
2023-12-18,194.72091674804688,135.1538543701172,369.14385986328125
2023-12-19,195.7646484375,135.99978637695312,369.74810791015625
2023-12-20,193.66725158691406,137.68173217773438,367.13299560546875
2023-12-21,193.51812744140625,139.75184631347656,370.0254821777344
2023-12-22,192.444580078125,140.81675720214844,371.0556945800781
2023-12-26,191.89785766601562,140.84661865234375,371.13494873046875
2023-12-27,191.9972686767578,139.7020721435547,370.550537109375
2023-12-28,192.42469787597656,139.56275939941406,371.7491455078125
2023-12-29,191.38096618652344,139.02532958984375,372.50201416015625
2024-01-02,184.53207397460938,137.51255798339844,367.3805847167969
2024-01-03,183.15037536621094,138.2589874267578,367.1131896972656
2024-01-04,180.82435607910156,135.74102783203125,364.4781799316406
2024-01-05,180.0987091064453,135.08416748046875,364.28997802734375
2024-01-08,184.4525604248047,138.1793670654297,371.1646728515625
2024-01-09,184.03506469726562,140.2793426513672,372.2543029785156
2024-01-10,185.0788116455078,141.60299682617188,379.1686096191406
2024-01-11,184.4823760986328,141.40394592285156,381.01116943359375
2024-01-12,184.81040954589844,141.9712371826172,384.8150329589844
2024-01-16,182.53408813476562,141.81201171875,386.5980529785156
2024-01-17,181.58973693847656,140.79685974121094,385.8056335449219
2024-01-18,187.50424194335938,142.7972869873047,390.1642150878906
2024-01-19,190.41676330566406,145.68350219726562,394.9190673828125
2024-01-22,192.73284912109375,145.2953643798828,392.77935791015625
2024-01-23,194.01515197753906,146.34034729003906,395.1468811035156
2024-01-24,193.33921813964844,147.99244689941406,398.7724609375
2024-01-25,193.0111846923828,151.14735412597656,401.06072998046875
2024-01-26,191.27162170410156,151.46583557128906,400.12957763671875
2024-01-29,190.5857391357422,152.77955627441406,405.8650817871094
2024-01-30,186.91775512695312,150.73931884765625,404.7456970214844
2024-01-31,183.29949951171875,139.43338012695312,393.83929443359375
2024-02-01,185.7447967529297,140.48834228515625,399.98095703125
2024-02-02,184.7408447265625,141.70254516601562,407.3509521484375
2024-02-05,186.5598907470703,142.996337890625,401.8333740234375
2024-02-06,188.17025756835938,143.4143524169922,401.6748962402344
2024-02-07,188.27960205078125,144.84750366210938,410.15435791015625
2024-02-08,187.1960906982422,145.2157440185547,410.2137756347656
2024-02-09,187.9624786376953,148.29103088378906,416.5931701660156
2024-02-12,186.27044677734375,146.82803344726562,411.3529968261719
2024-02-13,184.1703643798828,144.4493865966797,402.4971008300781
2024-02-14,183.28456115722656,145.24559020996094,406.3873596191406
2024-02-15,182.9959259033203,142.09066772460938,403.4795837402344
2024-02-16,181.45321655273438,139.85137939453125,400.9985046386719
2024-02-20,180.70672607421875,140.44851684570312,399.7381591796875
2024-02-21,181.46316528320312,141.87171936035156,399.1327819824219
2024-02-22,183.50352478027344,143.40438842773438,408.5310363769531
2024-02-23,181.6622314453125,143.2750244140625,407.2309265136719
2024-02-26,180.30862426757812,136.91542053222656,404.4521789550781
2024-02-27,181.77169799804688,138.21917724609375,404.3926086425781
2024-02-28,180.5673828125,135.73106384277344,404.6307678222656
2024-02-29,179.90054321289062,137.80117797851562,410.5059814453125
2024-03-01,178.81565856933594,136.48745727539062,412.3518371582031
2024-03-04,174.277099609375,132.7154998779297,411.7762451171875
2024-03-05,169.3204803466797,132.03872680664062,399.5992126464844
2024-03-06,168.3251953125,130.77476501464844,399.04345703125
2024-03-07,168.20574951171875,133.7406005859375,406.0400695800781
2024-03-08,169.9276123046875,134.76568603515625,403.14215087890625
2024-03-11,171.93812561035156,137.0149383544922,401.4550476074219
2024-03-12,172.41587829589844,137.84097290039062,412.13348388671875
2024-03-13,170.3257598876953,139.12484741210938,411.9548645019531
2024-03-14,172.18695068359375,142.4191131591797,421.9981994628906
2024-03-15,171.80873107910156,140.50823974609375,413.264892578125
2024-03-18,172.90357971191406,146.977294921875,414.1580505371094
2024-03-19,175.2524871826172,146.33038330078125,418.2170715332031
2024-03-20,177.830322265625,148.03225708007812,422.0081481933594
2024-03-21,170.5646209716797,146.89768981933594,426.11676025390625
2024-03-22,171.47035217285156,150.0526123046875,425.49151611328125
2024-03-25,170.04708862304688,149.35594177246094,419.65606689453125
2024-03-26,168.91241455078125,149.9530792236328,418.4552001953125
2024-03-27,172.49551391601562,150.15211486816406,418.2369079589844
2024-03-28,170.67408752441406,150.2118377685547,417.53228759765625
2024-04-01,169.2309112548828,154.7501678466797,421.3531188964844
2024-04-02,168.04649353027344,153.82456970214844,418.2468566894531
2024-04-03,168.8527069091797,154.18284606933594,417.2643737792969
2024-04-04,168.026611328125,149.81375122070312,414.71380615234375
2024-04-05,168.7830352783203,151.7743682861328,422.2959289550781
2024-04-08,167.65835571289062,154.1132049560547,421.3729553222656
2024-04-09,168.8726043701172,155.85487365722656,423.0501708984375
2024-04-10,166.99148559570312,155.3970489501953,420.05303955078125
2024-04-11,174.2173614501953,158.65150451660156,424.6876220703125
2024-04-12,175.7202911376953,156.97947692871094,418.7033386230469
2024-04-15,171.87841796875,154.12313842773438,410.5059814453125
2024-04-16,168.583984375,153.6653289794922,411.43878173828125
2024-04-17,167.21046447753906,154.73023986816406,408.71954345703125
2024-04-18,166.2549591064453,155.2676544189453,401.2069396972656
2024-04-19,164.2245635986328,153.35679626464844,396.095947265625
2024-04-22,165.06060791015625,155.53639221191406,397.9219970703125
2024-04-23,166.11561584472656,157.50697326660156,404.48193359375
2024-04-24,168.2256622314453,158.37283325195312,405.9606018066406
2024-04-25,169.09158325195312,155.25772094726562,396.01654052734375
2024-04-26,168.5043487548828,171.1318359375,403.2414245605469
2024-04-29,172.68460083007812,165.3594207763672,399.2022399902344
2024-04-30,169.52951049804688,162.00546264648438,386.380126953125
2024-05-01,168.5043487548828,163.080322265625,391.9476318359375
2024-05-02,172.21682739257812,165.82717895507812,394.8256530761719
2024-05-03,182.5181884765625,166.44424438476562,403.5788269042969
2024-05-06,180.8560333251953,167.30015563964844,410.4067077636719
2024-05-07,181.54278564453125,170.43515014648438,406.2384948730469
2024-05-08,181.88119506835938,168.57406616210938,407.4294128417969
2024-05-09,183.70260620117188,169.15130615234375,409.1959533691406
2024-05-10,182.43685913085938,167.84751892089844,411.59759521484375
2024-05-13,185.65602111816406,168.33517456054688,410.5852966308594
2024-05-14,186.80215454101562,169.52947998046875,413.40380859375
2024-05-15,189.0845184326172,171.6891632080078,420.6317443847656
2024-05-16,189.2041015625,173.3511962890625,418.5538330078125
2024-05-17,189.23399353027344,175.22227478027344,417.7783203125
2024-05-20,190.40008544921875,176.07818603515625,422.878662109375
2024-05-21,191.70570373535156,177.00375366210938,426.5572509765625
2024-05-22,190.2605438232422,175.54075622558594,428.0286865234375
2024-05-23,186.2540283203125,172.72422790527344,424.5290832519531
2024-05-24,189.3436279296875,174.15736389160156,427.6707763671875
2024-05-28,189.3535919189453,175.56065368652344,427.8298645019531
2024-05-29,189.65260314941406,175.0630340576172,426.6865234375
2024-05-30,190.6492462158203,171.29107666015625,412.2704162597656
2024-05-31,191.6060333251953,171.67919921875,412.7277526855469
2024-06-03,193.38006591796875,172.3460235595703,411.1270446777344
2024-06-04,193.69898986816406,172.96307373046875,413.6623229980469
2024-06-05,195.21389770507812,174.57537841796875,421.5563659667969
2024-06-06,193.82855224609375,175.88906860351562,422.0633850097656
2024-06-07,196.23048400878906,173.6298828125,421.3973083496094
2024-06-10,192.4730987548828,174.37716674804688,425.39404296875
2024-06-11,206.45611572265625,175.98135375976562,430.1761779785156
2024-06-12,212.35630798339844,177.14710998535156,438.5076904296875
2024-06-13,213.52236938476562,174.52662658691406,439.0246887207031
2024-06-14,211.77822875976562,176.15072631835938,440.00897216796875
2024-06-17,215.94422912597656,176.59912109375,445.775390625
2024-06-18,213.5721893310547,174.45687866210938,443.75714111328125
2024-06-20,208.97763061523438,175.66250610351562,443.1208801269531
2024-06-21,206.7949981689453,178.98048400878906,447.17724609375
2024-06-24,207.44281005859375,178.5719451904297,445.0794677734375
2024-06-25,208.36968994140625,183.36456298828125,448.3404541015625
2024-06-26,212.5356903076172,183.21510314941406,449.54345703125
2024-06-27,213.3828582763672,184.73956298828125,450.2294921875
2024-06-28,209.91448974609375,181.49134826660156,444.3636169433594
2024-07-01,216.02395629882812,182.32830810546875,454.0870361328125
2024-07-02,219.5321807861328,184.5701904296875,456.62225341796875
2024-07-03,220.80789184570312,185.14810180664062,458.1036376953125
2024-07-05,225.5818328857422,189.9108123779297,464.8543395996094
2024-07-08,227.056884765625,188.34646606445312,463.5419921875
2024-07-09,227.9139862060547,188.29664611816406,456.8807678222656
2024-07-10,232.19960021972656,190.48870849609375,463.55194091796875
2024-07-11,226.80772399902344,184.89898681640625,452.06878662109375
2024-07-12,229.76776123046875,184.4008026123047,450.9254150390625
2024-07-15,233.61483764648438,185.8555145263672,451.3330383300781
2024-07-16,234.03343200683594,183.25494384765625,446.9187316894531
2024-07-17,228.1133270263672,180.36544799804688,440.9534606933594
2024-07-18,223.42906188964844,177.0474853515625,437.82171630859375
2024-07-19,223.5586395263672,177.017578125,434.5805358886719
2024-07-22,223.20980834960938,181.01309204101562,440.3768310546875
2024-07-23,224.2563018798828,181.1326446533203,442.2757873535156
2024-07-24,217.80795288085938,172.0057830810547,426.4180603027344
2024-07-25,216.76148986816406,166.6751251220703,415.97882080078125
2024-07-26,217.2299041748047,166.39613342285156,422.8090515136719
2024-07-29,217.50897216796875,168.9169921875,424.2606506347656
2024-07-30,218.06710815429688,169.6742401123047,420.4726867675781
2024-07-31,221.3361053466797,170.91969299316406,415.92913818359375
2024-08-01,217.62855529785156,170.1425323486328,414.6962585449219
2024-08-02,219.12355041503906,166.057373046875,406.1261901855469
2024-08-05,208.5690155029297,158.6741485595703,392.8633728027344
2024-08-06,206.5358428955078,157.71762084960938,397.29754638671875
2024-08-07,209.11717224121094,158.36526489257812,396.1243591308594
2024-08-08,212.59547424316406,161.444091796875,400.3597106933594
2024-08-09,215.51568603515625,163.0781707763672,403.67047119140625
2024-08-12,217.0522918701172,161.7031707763672,404.4559020996094
2024-08-13,220.78408813476562,163.56640625,411.6142578125
2024-08-14,221.23309326171875,159.79010009765625,414.4477233886719
2024-08-15,224.22650146484375,160.7167510986328,419.34808349609375
2024-08-16,225.5535888671875,162.37074279785156,416.7983093261719
2024-08-19,225.3939208984375,166.0673370361328,419.8460998535156
2024-08-20,226.0125732421875,166.5754852294922,423.10302734375
2024-08-21,225.90281677246094,165.2502899169922,422.4456787109375
2024-08-22,224.0369110107422,163.2077178955078,413.8899841308594
2024-08-23,226.3418426513672,165.0211181640625,415.1250305175781
2024-08-26,226.68109130859375,165.55917358398438,411.83819580078125
2024-08-27,227.52923583984375,164.0845184326172,412.1867980957031
2024-08-28,225.99261474609375,162.2611541748047,408.95977783203125
2024-08-29,229.28536987304688,161.19500732421875,411.4696960449219
2024-08-30,228.49710083007812,162.7892303466797,415.4736328125
2024-09-03,222.28079223632812,156.79100036621094,407.80438232421875
2024-09-04,220.36500549316406,155.88427734375,407.26654052734375
2024-09-05,221.8916473388672,156.6714324951172,406.7585754394531
2024-09-06,220.33506774902344,150.374267578125,400.0953063964844
2024-09-09,220.4248809814453,148.368896484375,404.0992431640625
2024-09-10,219.62661743164062,148.31900024414062,412.5453796386719
2024-09-11,222.17103576660156,150.8132781982422,421.3500671386719
2024-09-12,222.28079223632812,154.33517456054688,425.29425048828125
2024-09-13,222.01136779785156,157.09881591796875,428.8699035644531
2024-09-16,215.84495544433594,157.6974334716797,429.6169128417969
2024-09-17,216.31390380859375,158.95455932617188,433.41168212890625
2024-09-18,220.20535278320312,159.44342041015625,429.0890197753906
2024-09-19,228.3673858642578,161.76808166503906,436.93756103515625
2024-09-20,227.6988525390625,163.21475219726562,433.53118896484375
2024-09-23,225.97265625,161.47874450683594,431.77825927734375
2024-09-24,226.8706817626953,161.917724609375,427.4555969238281
2024-09-25,225.8728790283203,161.11956787109375,430.3838195800781
2024-09-26,227.02035522460938,162.35671997070312,429.5870361328125
2024-09-27,227.2897491455078,163.5739288330078,426.3101501464844
2024-09-30,232.48831176757812,165.46957397460938,428.5810546875
2024-10-01,225.71322631835938,166.60696411132812,419.00946044921875
2024-10-02,226.28196716308594,165.47955322265625,415.4636535644531
2024-10-03,225.17440795898438,165.47955322265625,414.87603759765625
2024-10-04,226.30194091796875,166.67678833007812,414.39794921875
2024-10-07,221.2031707763672,162.6061553955078,407.90399169921875
2024-10-08,225.27420043945312,164.00294494628906,413.0533447265625
2024-10-09,229.03591918945312,161.4887237548828,415.7923278808594
2024-10-10,228.53700256347656,161.70822143554688,414.1788330078125
2024-10-11,227.05029296875,162.8655548095703,414.6568908691406
2024-10-14,230.79205322265625,164.5816192626953,417.4656677246094
2024-10-15,233.33645629882812,165.08047485351562,417.0672302246094
2024-10-16,231.27099609375,164.78114318847656,414.45770263671875
2024-10-17,231.6401824951172,162.55625915527344,415.0552978515625
2024-10-18,234.4839324951172,163.04515075683594,416.48956298828125
2024-10-21,235.96067810058594,163.69366455078125,417.1070861816406
2024-10-22,235.342041015625,164.76119995117188,425.8022155761719
2024-10-23,230.25323486328125,162.4066162109375,422.9038391113281
2024-10-24,230.06365966796875,162.34674072265625,423.0333251953125
2024-10-25,230.9018096923828,164.89089965820312,426.43963623046875
2024-10-28,232.88743591308594,166.3375701904297,424.8858642578125
2024-10-29,233.15684509277344,169.29078674316406,430.2244873046875
2024-10-30,229.59469604492188,174.059814453125,430.8021545410156
2024-10-31,225.4138946533203,170.71751403808594,404.72674560546875
2024-11-01,222.4204864501953,170.89707946777344,408.7306823730469
2024-11-04,221.52244567871094,168.851806640625,406.82830810546875
2024-11-05,222.95928955078125,169.35064697265625,409.8163146972656
2024-11-06,222.23089599609375,176.10511779785156,418.50146484375
2024-11-07,226.98043823242188,180.33538818359375,423.7304992675781
2024-11-08,226.7107391357422,177.94090270996094,420.85205078125
2024-11-11,223.98373413085938,179.93630981445312,416.34014892578125
2024-11-12,223.98373413085938,181.20339965820312,421.340087890625
2024-11-13,224.8727569580078,178.4696807861328,423.5014343261719
2024-11-14,227.9693603515625,175.17726135253906,425.1846923828125
2024-11-15,224.7528839111328,172.09434509277344,413.3421936035156
2024-11-18,227.7695770263672,174.8979034423828,414.0991516113281
2024-11-19,228.02928161621094,177.71141052246094,416.12103271484375
2024-11-20,228.7484893798828,175.5763397216797,413.8302001953125
2024-11-21,228.26902770996094,167.2454833984375,412.0437927246094
2024-11-22,229.61753845214844,164.38206481933594,416.16552734375
2024-11-25,232.61424255371094,167.26544189453125,417.95196533203125
2024-11-26,234.8018341064453,168.73207092285156,427.133544921875
2024-11-27,234.67198181152344,168.84181213378906,422.1435546875
2024-11-29,237.06935119628906,168.5624542236328,422.61260986328125
2024-12-02,239.3268585205078,171.0966339111328,430.1175842285156
2024-12-03,242.3834991455078,170.9469757080078,430.3371276855469
2024-12-04,242.74310302734375,173.9700164794922,436.544677734375
2024-12-05,242.7730712890625,172.24400329589844,441.7342529296875
2024-12-06,242.5732879638672,174.30926513671875,442.682373046875
2024-12-09,246.47900390625,175.1682586669922,445.12744140625
2024-12-10,247.4978790283203,184.9569854736328,442.4428405761719
2024-12-11,246.2192840576172,195.1752166748047,448.0915222167969
2024-12-12,247.68768310546875,191.7391815185547,448.6603698730469
2024-12-13,247.85748291015625,189.6016387939453,446.37493896484375
2024-12-16,250.7642822265625,196.43377685546875,450.6863098144531
2024-12-17,253.20159912109375,195.1951904296875,453.5505676269531
2024-12-18,247.77757263183594,188.18325805664062,436.5147399902344
2024-12-19,249.51565551757812,188.2931365966797,436.15545654296875
2024-12-20,254.21051025390625,191.18980407714844,435.726318359375
2024-12-23,254.98965454101562,194.40611267089844,434.3790283203125
2024-12-24,257.91644287109375,195.8843994140625,438.4508361816406
2024-12-26,258.7355041503906,195.375,437.2332763671875
2024-12-27,255.30929565429688,192.5382537841797,429.66845703125
2024-12-30,251.9230194091797,191.02000427246094,423.9798583984375
